month,Convertible Arbitrage,Dedicated Short Bias,Emerging Markets,Equity Market Neutral,Event Driven,Fixed Income Arbitrage,Fund of Funds,Global Macro,Long/Short Equity,Managed Futures,Multi-Strategy
1994-01-31,27.0,9.0,39.0,14.0,67.0,15.0,205.0,45.0,185.0,,27.0
1994-02-28,28.0,9.0,41.0,14.0,67.0,15.0,209.0,46.0,191.0,,27.0
1994-03-31,30.0,9.0,41.0,14.0,69.0,15.0,213.0,46.0,193.0,,29.0
1994-04-30,30.0,9.0,43.0,16.0,71.0,16.0,223.0,46.0,195.0,,31.0
1994-05-31,31.0,9.0,44.0,17.0,73.0,18.0,228.0,46.0,196.0,,32.0
1994-06-30,31.0,9.0,47.0,18.0,75.0,22.0,235.0,47.0,201.0,,32.0
1994-07-31,34.0,10.0,47.0,18.0,78.0,25.0,246.0,47.0,202.0,,35.0
1994-08-31,35.0,10.0,47.0,19.0,79.0,26.0,249.0,47.0,203.0,,36.0
1994-09-30,38.0,10.0,52.0,20.0,81.0,26.0,253.0,49.0,205.0,,35.0
1994-10-31,39.0,10.0,54.0,20.0,81.0,27.0,261.0,49.0,215.0,,34.0
1994-11-30,39.0,11.0,57.0,21.0,82.0,27.0,268.0,50.0,220.0,,34.0
1994-12-31,39.0,11.0,57.0,20.0,82.0,27.0,267.0,51.0,222.0,,34.0
1995-01-31,42.0,11.0,61.0,24.0,90.0,27.0,285.0,54.0,236.0,,35.0
1995-02-28,43.0,11.0,63.0,23.0,90.0,27.0,288.0,54.0,240.0,,36.0
1995-03-31,43.0,11.0,63.0,24.0,92.0,28.0,294.0,54.0,240.0,,36.0
1995-04-30,45.0,11.0,69.0,24.0,97.0,29.0,302.0,53.0,249.0,,37.0
1995-05-31,45.0,10.0,77.0,24.0,99.0,29.0,310.0,55.0,252.0,,38.0
1995-06-30,45.0,10.0,77.0,25.0,100.0,29.0,313.0,55.0,254.0,,38.0
1995-07-31,45.0,10.0,83.0,27.0,101.0,30.0,312.0,56.0,262.0,,39.0
1995-08-31,46.0,10.0,87.0,28.0,102.0,33.0,314.0,57.0,265.0,,39.0
1995-09-30,46.0,10.0,89.0,28.0,102.0,35.0,319.0,57.0,266.0,,39.0
1995-10-31,47.0,10.0,89.0,28.0,107.0,37.0,321.0,60.0,277.0,,40.0
1995-11-30,48.0,10.0,89.0,28.0,108.0,38.0,324.0,61.0,280.0,,41.0
1995-12-31,48.0,10.0,91.0,29.0,109.0,37.0,331.0,62.0,284.0,,42.0
1996-01-31,52.0,10.0,93.0,33.0,118.0,39.0,342.0,60.0,310.0,,43.0
1996-02-29,52.0,10.0,93.0,33.0,120.0,39.0,347.0,64.0,313.0,,43.0
1996-03-31,52.0,10.0,95.0,34.0,123.0,44.0,350.0,64.0,316.0,,47.0
1996-04-30,51.0,10.0,101.0,34.0,124.0,44.0,354.0,64.0,329.0,,48.0
1996-05-31,51.0,11.0,102.0,35.0,129.0,47.0,360.0,63.0,339.0,,50.0
1996-06-30,51.0,11.0,106.0,36.0,131.0,47.0,360.0,63.0,346.0,,51.0
1996-07-31,53.0,11.0,108.0,37.0,134.0,49.0,363.0,60.0,359.0,,51.0
1996-08-31,50.0,11.0,109.0,38.0,135.0,50.0,367.0,62.0,364.0,,52.0
1996-09-30,48.0,10.0,109.0,39.0,139.0,49.0,367.0,61.0,370.0,,54.0
1996-10-31,51.0,11.0,109.0,40.0,139.0,50.0,368.0,60.0,375.0,,55.0
1996-11-30,51.0,13.0,112.0,40.0,140.0,50.0,370.0,61.0,381.0,,55.0
1996-12-31,52.0,13.0,112.0,40.0,140.0,50.0,378.0,61.0,386.0,,57.0
1997-01-31,52.0,15.0,117.0,42.0,146.0,52.0,389.0,64.0,412.0,,59.0
1997-02-28,53.0,15.0,124.0,45.0,146.0,53.0,389.0,64.0,420.0,,59.0
1997-03-31,53.0,15.0,127.0,48.0,147.0,53.0,391.0,63.0,427.0,,61.0
1997-04-30,55.0,16.0,129.0,48.0,149.0,55.0,401.0,69.0,437.0,,59.0
1997-05-31,55.0,16.0,134.0,50.0,149.0,56.0,401.0,70.0,440.0,,60.0
1997-06-30,56.0,17.0,136.0,50.0,151.0,55.0,403.0,70.0,449.0,,63.0
1997-07-31,57.0,18.0,137.0,52.0,156.0,59.0,402.0,71.0,461.0,,62.0
1997-08-31,56.0,18.0,137.0,52.0,158.0,59.0,403.0,73.0,463.0,,63.0
1997-09-30,56.0,18.0,137.0,53.0,159.0,60.0,408.0,74.0,473.0,,64.0
1997-10-31,56.0,18.0,144.0,53.0,160.0,60.0,418.0,75.0,477.0,,66.0
1997-11-30,56.0,18.0,145.0,54.0,162.0,60.0,422.0,76.0,481.0,,66.0
1997-12-31,56.0,18.0,147.0,55.0,168.0,61.0,427.0,77.0,482.0,,69.0
1998-01-31,58.0,18.0,147.0,58.0,169.0,61.0,442.0,80.0,510.0,,70.0
1998-02-28,59.0,18.0,144.0,58.0,172.0,63.0,446.0,82.0,521.0,,70.0
1998-03-31,61.0,18.0,146.0,60.0,172.0,65.0,446.0,86.0,522.0,,70.0
1998-04-30,63.0,18.0,146.0,64.0,173.0,64.0,456.0,87.0,525.0,,71.0
1998-05-31,64.0,18.0,148.0,66.0,174.0,68.0,452.0,88.0,527.0,,71.0
1998-06-30,64.0,18.0,155.0,69.0,178.0,67.0,463.0,89.0,536.0,,73.0
1998-07-31,63.0,18.0,153.0,72.0,182.0,68.0,467.0,90.0,556.0,,74.0
1998-08-31,62.0,18.0,148.0,74.0,182.0,66.0,476.0,90.0,564.0,,75.0
1998-09-30,61.0,19.0,146.0,75.0,186.0,64.0,480.0,91.0,568.0,,76.0
1998-10-31,63.0,19.0,145.0,76.0,186.0,63.0,476.0,91.0,570.0,,76.0
1998-11-30,64.0,19.0,146.0,77.0,189.0,64.0,479.0,89.0,574.0,,76.0
1998-12-31,65.0,19.0,147.0,82.0,190.0,64.0,484.0,93.0,580.0,,77.0
1999-01-31,66.0,19.0,148.0,87.0,192.0,68.0,502.0,97.0,612.0,,81.0
1999-02-28,68.0,19.0,149.0,88.0,192.0,68.0,509.0,95.0,616.0,,82.0
1999-03-31,68.0,19.0,149.0,90.0,193.0,69.0,520.0,99.0,620.0,,83.0
1999-04-30,68.0,18.0,153.0,91.0,193.0,70.0,522.0,98.0,625.0,,85.0
1999-05-31,67.0,18.0,152.0,94.0,194.0,71.0,524.0,99.0,632.0,,88.0
1999-06-30,67.0,18.0,152.0,98.0,196.0,70.0,526.0,99.0,639.0,,88.0
1999-07-31,69.0,20.0,156.0,102.0,199.0,70.0,526.0,99.0,647.0,,88.0
1999-08-31,68.0,21.0,157.0,106.0,198.0,70.0,536.0,99.0,654.0,,94.0
1999-09-30,69.0,21.0,159.0,103.0,199.0,70.0,543.0,99.0,659.0,,96.0
1999-10-31,69.0,24.0,160.0,104.0,203.0,72.0,544.0,99.0,668.0,,98.0
1999-11-30,70.0,24.0,166.0,108.0,200.0,72.0,557.0,98.0,684.0,,98.0
1999-12-31,69.0,24.0,167.0,108.0,204.0,71.0,562.0,94.0,694.0,,100.0
2000-01-31,73.0,26.0,166.0,105.0,212.0,70.0,584.0,94.0,724.0,,104.0
2000-02-29,73.0,26.0,165.0,104.0,213.0,70.0,583.0,94.0,727.0,,105.0
2000-03-31,73.0,26.0,167.0,104.0,216.0,69.0,597.0,92.0,739.0,,106.0
2000-04-30,76.0,26.0,166.0,103.0,224.0,67.0,599.0,90.0,751.0,,108.0
2000-05-31,76.0,26.0,165.0,100.0,224.0,68.0,607.0,87.0,759.0,,112.0
2000-06-30,78.0,27.0,165.0,102.0,223.0,69.0,616.0,87.0,772.0,,114.0
2000-07-31,79.0,28.0,163.0,104.0,228.0,70.0,620.0,86.0,788.0,,116.0
2000-08-31,79.0,28.0,159.0,104.0,229.0,72.0,626.0,84.0,794.0,,117.0
2000-09-30,79.0,28.0,159.0,105.0,230.0,74.0,626.0,84.0,807.0,,118.0
2000-10-31,81.0,28.0,161.0,106.0,233.0,71.0,629.0,81.0,832.0,1.0,119.0
2000-11-30,81.0,28.0,164.0,106.0,234.0,71.0,641.0,81.0,836.0,1.0,119.0
2000-12-31,81.0,28.0,164.0,107.0,232.0,73.0,646.0,82.0,835.0,1.0,119.0
2001-01-31,82.0,27.0,159.0,109.0,237.0,77.0,677.0,80.0,857.0,1.0,120.0
2001-02-28,84.0,27.0,160.0,113.0,245.0,79.0,687.0,80.0,863.0,2.0,121.0
2001-03-31,85.0,28.0,159.0,116.0,248.0,78.0,687.0,80.0,867.0,2.0,123.0
2001-04-30,88.0,27.0,158.0,119.0,248.0,80.0,699.0,81.0,872.0,2.0,124.0
2001-05-31,91.0,23.0,158.0,120.0,250.0,81.0,705.0,82.0,880.0,2.0,125.0
2001-06-30,89.0,23.0,156.0,124.0,256.0,86.0,704.0,81.0,890.0,2.0,128.0
2001-07-31,91.0,23.0,154.0,124.0,258.0,87.0,723.0,82.0,901.0,2.0,129.0
2001-08-31,92.0,22.0,152.0,124.0,259.0,88.0,737.0,85.0,905.0,2.0,129.0
2001-09-30,95.0,22.0,152.0,127.0,262.0,88.0,738.0,82.0,912.0,2.0,130.0
2001-10-31,99.0,22.0,151.0,130.0,259.0,90.0,762.0,84.0,926.0,2.0,132.0
2001-11-30,99.0,22.0,151.0,134.0,264.0,92.0,778.0,90.0,934.0,2.0,135.0
2001-12-31,101.0,22.0,151.0,135.0,268.0,91.0,801.0,91.0,939.0,2.0,135.0
2002-01-31,105.0,22.0,147.0,145.0,272.0,98.0,828.0,93.0,958.0,2.0,146.0
2002-02-28,107.0,22.0,148.0,145.0,275.0,99.0,842.0,97.0,960.0,2.0,150.0
2002-03-31,106.0,22.0,150.0,152.0,278.0,99.0,847.0,97.0,967.0,2.0,151.0
2002-04-30,108.0,22.0,150.0,152.0,286.0,101.0,864.0,99.0,972.0,2.0,158.0
2002-05-31,109.0,22.0,151.0,152.0,288.0,104.0,879.0,102.0,989.0,2.0,159.0
2002-06-30,110.0,22.0,150.0,152.0,292.0,105.0,881.0,102.0,982.0,2.0,160.0
2002-07-31,110.0,21.0,152.0,159.0,295.0,106.0,896.0,102.0,991.0,2.0,160.0
2002-08-31,112.0,21.0,153.0,160.0,293.0,107.0,905.0,102.0,993.0,2.0,168.0
2002-09-30,113.0,21.0,152.0,160.0,296.0,108.0,918.0,104.0,1002.0,2.0,169.0
2002-10-31,119.0,21.0,151.0,166.0,301.0,108.0,936.0,108.0,1007.0,2.0,172.0
2002-11-30,119.0,21.0,151.0,168.0,301.0,113.0,940.0,112.0,1006.0,2.0,177.0
2002-12-31,121.0,21.0,156.0,171.0,304.0,112.0,957.0,116.0,1007.0,2.0,179.0
2003-01-31,122.0,22.0,158.0,172.0,305.0,117.0,995.0,123.0,1020.0,2.0,188.0
2003-02-28,123.0,22.0,162.0,173.0,309.0,118.0,1008.0,124.0,1024.0,2.0,189.0
2003-03-31,123.0,24.0,166.0,173.0,317.0,119.0,1011.0,127.0,1032.0,2.0,191.0
2003-04-30,123.0,23.0,169.0,175.0,321.0,117.0,1032.0,131.0,1043.0,2.0,195.0
2003-05-31,125.0,23.0,169.0,178.0,324.0,119.0,1041.0,131.0,1053.0,2.0,200.0
2003-06-30,123.0,24.0,168.0,180.0,327.0,122.0,1050.0,133.0,1070.0,2.0,204.0
2003-07-31,126.0,23.0,170.0,179.0,330.0,124.0,1061.0,136.0,1074.0,2.0,206.0
2003-08-31,127.0,24.0,169.0,180.0,330.0,126.0,1064.0,138.0,1080.0,2.0,204.0
2003-09-30,128.0,24.0,173.0,184.0,332.0,127.0,1085.0,139.0,1087.0,2.0,204.0
2003-10-31,128.0,24.0,178.0,181.0,338.0,127.0,1115.0,141.0,1101.0,2.0,209.0
2003-11-30,128.0,24.0,176.0,181.0,339.0,128.0,1117.0,141.0,1108.0,2.0,213.0
2003-12-31,128.0,24.0,180.0,182.0,339.0,131.0,1139.0,145.0,1112.0,2.0,217.0
2004-01-31,130.0,23.0,185.0,185.0,343.0,131.0,1152.0,150.0,1125.0,2.0,224.0
2004-02-29,128.0,23.0,187.0,190.0,348.0,132.0,1160.0,154.0,1142.0,2.0,226.0
2004-03-31,129.0,23.0,196.0,192.0,355.0,132.0,1196.0,156.0,1154.0,2.0,229.0
2004-04-30,132.0,23.0,206.0,196.0,367.0,136.0,1227.0,165.0,1168.0,2.0,239.0
2004-05-31,134.0,23.0,206.0,198.0,367.0,136.0,1240.0,169.0,1180.0,2.0,243.0
2004-06-30,133.0,22.0,208.0,199.0,367.0,137.0,1266.0,170.0,1198.0,2.0,251.0
2004-07-31,135.0,21.0,212.0,197.0,373.0,140.0,1282.0,173.0,1209.0,2.0,255.0
2004-08-31,135.0,21.0,214.0,197.0,372.0,142.0,1296.0,175.0,1207.0,2.0,259.0
2004-09-30,135.0,21.0,221.0,197.0,377.0,142.0,1304.0,179.0,1211.0,2.0,262.0
2004-10-31,134.0,21.0,219.0,197.0,375.0,145.0,1319.0,178.0,1213.0,2.0,263.0
2004-11-30,132.0,21.0,221.0,196.0,377.0,146.0,1329.0,179.0,1217.0,2.0,265.0
2004-12-31,134.0,21.0,228.0,191.0,377.0,150.0,1336.0,175.0,1218.0,2.0,266.0
2005-01-31,131.0,21.0,241.0,192.0,381.0,152.0,1367.0,178.0,1234.0,2.0,278.0
2005-02-28,129.0,20.0,244.0,191.0,386.0,152.0,1375.0,177.0,1242.0,2.0,279.0
2005-03-31,129.0,20.0,247.0,195.0,387.0,152.0,1396.0,175.0,1258.0,2.0,282.0
2005-04-30,128.0,20.0,251.0,192.0,387.0,152.0,1407.0,182.0,1278.0,2.0,290.0
2005-05-31,127.0,20.0,258.0,193.0,387.0,155.0,1416.0,182.0,1288.0,2.0,300.0
2005-06-30,127.0,21.0,259.0,192.0,391.0,159.0,1439.0,180.0,1301.0,2.0,304.0
2005-07-31,123.0,21.0,268.0,197.0,388.0,159.0,1441.0,179.0,1312.0,2.0,313.0
2005-08-31,120.0,22.0,278.0,199.0,390.0,162.0,1457.0,188.0,1313.0,2.0,317.0
2005-09-30,120.0,22.0,289.0,201.0,391.0,161.0,1461.0,192.0,1324.0,2.0,318.0
2005-10-31,120.0,22.0,290.0,205.0,393.0,161.0,1466.0,194.0,1331.0,2.0,321.0
2005-11-30,119.0,22.0,295.0,206.0,388.0,163.0,1483.0,197.0,1335.0,2.0,328.0
2005-12-31,114.0,23.0,298.0,203.0,386.0,160.0,1481.0,200.0,1331.0,2.0,325.0
2006-01-31,112.0,22.0,299.0,202.0,390.0,158.0,1499.0,208.0,1336.0,2.0,336.0
2006-02-28,110.0,22.0,303.0,201.0,383.0,158.0,1511.0,210.0,1338.0,2.0,339.0
2006-03-31,110.0,21.0,308.0,200.0,386.0,157.0,1519.0,213.0,1347.0,3.0,343.0
2006-04-30,110.0,21.0,319.0,200.0,384.0,158.0,1532.0,217.0,1354.0,3.0,349.0
2006-05-31,109.0,21.0,325.0,197.0,392.0,156.0,1549.0,219.0,1365.0,3.0,356.0
2006-06-30,109.0,21.0,327.0,196.0,386.0,156.0,1559.0,221.0,1373.0,3.0,360.0
2006-07-31,109.0,21.0,335.0,198.0,385.0,154.0,1576.0,223.0,1379.0,3.0,360.0
2006-08-31,109.0,21.0,337.0,197.0,389.0,153.0,1582.0,220.0,1372.0,3.0,365.0
2006-09-30,108.0,21.0,342.0,197.0,390.0,151.0,1590.0,219.0,1374.0,3.0,366.0
2006-10-31,108.0,22.0,348.0,202.0,380.0,149.0,1597.0,221.0,1365.0,3.0,371.0
2006-11-30,105.0,23.0,355.0,201.0,379.0,149.0,1610.0,223.0,1363.0,3.0,376.0
2006-12-31,104.0,22.0,361.0,203.0,378.0,150.0,1600.0,224.0,1362.0,3.0,376.0
2007-01-31,99.0,23.0,367.0,195.0,381.0,154.0,1624.0,234.0,1370.0,3.0,383.0
2007-02-28,97.0,24.0,373.0,197.0,379.0,150.0,1632.0,235.0,1368.0,3.0,387.0
2007-03-31,97.0,24.0,380.0,196.0,381.0,154.0,1642.0,240.0,1364.0,3.0,390.0
2007-04-30,97.0,24.0,385.0,194.0,380.0,154.0,1654.0,240.0,1355.0,3.0,396.0
2007-05-31,96.0,25.0,393.0,199.0,379.0,150.0,1671.0,242.0,1357.0,3.0,400.0
2007-06-30,93.0,23.0,394.0,197.0,370.0,146.0,1673.0,240.0,1339.0,3.0,401.0
2007-07-31,95.0,23.0,404.0,196.0,371.0,137.0,1679.0,241.0,1345.0,3.0,411.0
2007-08-31,96.0,23.0,407.0,195.0,371.0,129.0,1677.0,239.0,1332.0,3.0,421.0
2007-09-30,93.0,23.0,414.0,193.0,369.0,125.0,1667.0,232.0,1321.0,3.0,419.0
2007-10-31,88.0,24.0,412.0,191.0,361.0,123.0,1668.0,206.0,1309.0,3.0,426.0
2007-11-30,82.0,21.0,425.0,191.0,355.0,116.0,1668.0,203.0,1303.0,3.0,431.0
2007-12-31,76.0,21.0,431.0,191.0,350.0,113.0,1677.0,204.0,1304.0,3.0,434.0
2008-01-31,77.0,22.0,425.0,195.0,348.0,117.0,1690.0,204.0,1288.0,3.0,443.0
2008-02-29,76.0,22.0,425.0,191.0,344.0,116.0,1680.0,206.0,1291.0,3.0,445.0
2008-03-31,76.0,22.0,427.0,185.0,334.0,115.0,1668.0,209.0,1275.0,3.0,452.0
2008-04-30,76.0,22.0,427.0,184.0,324.0,115.0,1682.0,208.0,1260.0,3.0,454.0
2008-05-31,74.0,22.0,428.0,184.0,317.0,114.0,1688.0,208.0,1264.0,3.0,449.0
2008-06-30,72.0,22.0,433.0,181.0,315.0,113.0,1682.0,208.0,1259.0,3.0,450.0
2008-07-31,69.0,23.0,442.0,176.0,315.0,114.0,1678.0,208.0,1261.0,3.0,448.0
2008-08-31,72.0,23.0,447.0,178.0,312.0,114.0,1669.0,211.0,1249.0,3.0,442.0
2008-09-30,65.0,22.0,443.0,174.0,304.0,109.0,1625.0,208.0,1224.0,3.0,436.0
2008-10-31,63.0,22.0,438.0,167.0,295.0,101.0,1561.0,206.0,1198.0,3.0,426.0
2008-11-30,60.0,18.0,438.0,161.0,292.0,94.0,1500.0,208.0,1177.0,3.0,412.0
2008-12-31,59.0,18.0,425.0,159.0,287.0,91.0,1452.0,203.0,1167.0,3.0,408.0
