style,spec,term,coef_target,tstat_target,r2_target,adj_r2_target,coef,tstat,pvalue,nobs,r2,adj_r2,tstat_type,coef_diff,tstat_diff,r2_diff,adj_r2_diff,coef_abs_diff,tstat_abs_diff,same_coef_sign,target_sig_5pct,rep_sig_5pct,sig_match_5pct
Convertible Arbitrage,model1,Intercept,0.0016,1.46,0.41,0.41,0.0011168227589342015,0.9964007877571709,0.3204156663626254,180,0.42606693470706625,0.4195818153252252,ols,-0.0004831772410657986,-0.4635992122428291,0.01606693470706627,0.00958181532522523,0.0004831772410657986,0.4635992122428291,True,False,False,True
Convertible Arbitrage,model1,MKT-RF,0.2094,8.5,0.41,0.41,0.21562917607389018,8.44605522347161,1.0642036592252987e-14,180,0.42606693470706625,0.4195818153252252,ols,0.006229176073890175,-0.05394477652838958,0.01606693470706627,0.00958181532522523,0.006229176073890175,0.05394477652838958,True,True,True,True
Convertible Arbitrage,model1,Liquidity,1.2795,6.08,0.41,0.41,1.3898720205037947,6.511356745375919,7.434743986121168e-10,180,0.42606693470706625,0.4195818153252252,ols,0.11037202050379458,0.4313567453759193,0.01606693470706627,0.00958181532522523,0.11037202050379458,0.4313567453759193,True,True,True,True
Convertible Arbitrage,model2,Intercept,0.0026,2.8,0.61,0.59,0.0022283303258964033,2.345886402192496,0.020128528732390835,180,0.6152352476773634,0.5972345575102225,ols,-0.00037166967410359655,-0.45411359780750393,0.005235247677363386,0.007234557510222506,0.00037166967410359655,0.45411359780750393,True,True,True,True
Convertible Arbitrage,model2,MKT-RF,0.1232,5.4,0.61,0.59,0.13011005815565574,5.569935656724388,9.72638126942698e-08,180,0.6152352476773634,0.5972345575102225,ols,0.006910058155655735,0.16993565672438748,0.005235247677363386,0.007234557510222506,0.006910058155655735,0.16993565672438748,True,True,True,True
Convertible Arbitrage,model2,SMB,0.0232,0.92,0.61,0.59,0.020453284830133183,0.7874066885944021,0.4321338618901046,180,0.6152352476773634,0.5972345575102225,ols,-0.0027467151698668153,-0.13259331140559794,0.005235247677363386,0.007234557510222506,0.0027467151698668153,0.13259331140559794,True,False,False,True
Convertible Arbitrage,model2,DTERM,-0.0274,-6.15,0.61,0.59,-0.022578298796002164,-4.932941108733996,1.908192350712408e-06,180,0.6152352476773634,0.5972345575102225,ols,0.004821701203997837,1.2170588912660047,0.005235247677363386,0.007234557510222506,0.004821701203997837,1.2170588912660047,True,True,True,True
Convertible Arbitrage,model2,DCREDIT,-0.0564,-8.0,0.61,0.59,-0.05816597881872917,-7.972737636982681,2.1161855259319649e-13,180,0.6152352476773634,0.5972345575102225,ols,-0.0017659788187291692,0.02726236301731877,0.005235247677363386,0.007234557510222506,0.0017659788187291692,0.02726236301731877,True,True,True,True
Convertible Arbitrage,model2,PTFSBD,-0.0069,-1.09,0.61,0.59,-0.010315675760444041,-1.5905842815739872,0.11355020335738886,180,0.6152352476773634,0.5972345575102225,ols,-0.003415675760444041,-0.5005842815739872,0.005235247677363386,0.007234557510222506,0.003415675760444041,0.5005842815739872,True,False,False,True
Convertible Arbitrage,model2,PTFSFX,-0.0058,-1.13,0.61,0.59,-0.006110684376328576,-1.1721043835602531,0.24278554753606132,180,0.6152352476773634,0.5972345575102225,ols,-0.00031068437632857625,-0.042104383560253256,0.005235247677363386,0.007234557510222506,0.00031068437632857625,0.042104383560253256,True,False,False,True
Convertible Arbitrage,model2,PTFSCOM,-0.0053,-0.76,0.61,0.59,-0.007056158334413952,-0.9667411731021587,0.33503870753288256,180,0.6152352476773634,0.5972345575102225,ols,-0.0017561583344139521,-0.20674117310215867,0.005235247677363386,0.007234557510222506,0.0017561583344139521,0.20674117310215867,True,False,False,True
Convertible Arbitrage,model2,Liquidity,0.7759,4.17,0.61,0.59,0.755281577158003,3.9198017406305676,0.0001280238484341671,180,0.6152352476773634,0.5972345575102225,ols,-0.020618422841996997,-0.2501982593694323,0.005235247677363386,0.007234557510222506,0.020618422841996997,0.2501982593694323,True,True,True,True
Dedicated Short Bias,model1,Intercept,0.0034,1.79,0.74,0.73,0.003465534018989324,1.8879572769325277,0.06066794956426622,180,0.7128919456553633,0.7096477868492093,ols,6.553401898932434e-05,0.09795727693252765,-0.0271080543446367,-0.02035221315079072,6.553401898932434e-05,0.09795727693252765,True,False,False,True
Dedicated Short Bias,model1,MKT-RF,-0.9563,-22.23,0.74,0.73,-0.8727387540529289,-20.87386372042172,1.3287499096270964e-49,180,0.7128919456553633,0.7096477868492093,ols,0.08356124594707115,1.3561362795782799,-0.0271080543446367,-0.02035221315079072,0.08356124594707115,1.3561362795782799,True,True,True,True
Dedicated Short Bias,model1,Liquidity,0.3272,0.89,0.74,0.73,0.33349695523414025,0.9540271637978215,0.34137097293033786,180,0.7128919456553633,0.7096477868492093,ols,0.006296955234140256,0.06402716379782147,-0.0271080543446367,-0.02035221315079072,0.006296955234140256,0.06402716379782147,True,False,False,True
Dedicated Short Bias,model2,Intercept,0.0053,3.54,0.85,0.84,0.005021303408574716,3.5255853958055003,0.0005424012751311851,180,0.8386573988600678,0.8311092069938721,ols,-0.0002786965914252839,-0.014414604194499692,-0.01134260113993213,-0.008890793006127828,0.0002786965914252839,0.014414604194499692,True,True,True,True
Dedicated Short Bias,model2,MKT-RF,-0.9686,-26.06,0.85,0.84,-0.8821979264429698,-25.18794331193546,1.9571790671265932e-59,180,0.8386573988600678,0.8311092069938721,ols,0.08640207355703022,0.8720566880645393,-0.01134260113993213,-0.008890793006127828,0.08640207355703022,0.8720566880645393,True,True,True,True
Dedicated Short Bias,model2,SMB,-0.4162,-10.14,0.85,0.84,-0.42110993257046675,-10.812319876535197,4.286600118388096e-21,180,0.8386573988600678,0.8311092069938721,ols,-0.004909932570466735,-0.6723198765351963,-0.01134260113993213,-0.008890793006127828,0.004909932570466735,0.6723198765351963,True,True,True,True
Dedicated Short Bias,model2,DTERM,-0.0178,-2.45,0.85,0.84,-0.014478532776981731,-2.109728819560207,0.03633712729531356,180,0.8386573988600678,0.8311092069938721,ols,0.0033214672230182686,0.3402711804397933,-0.01134260113993213,-0.008890793006127828,0.0033214672230182686,0.3402711804397933,True,True,True,True
Dedicated Short Bias,model2,DCREDIT,-0.0698,-6.07,0.85,0.84,-0.06247986348384141,-5.711706346805417,4.8587696991144175e-08,180,0.8386573988600678,0.8311092069938721,ols,0.007320136516158593,0.3582936531945835,-0.01134260113993213,-0.008890793006127828,0.007320136516158593,0.3582936531945835,True,True,True,True
Dedicated Short Bias,model2,PTFSBD,0.0018,0.18,0.85,0.84,0.00279466945425276,0.2873934187644065,0.7741590772661369,180,0.8386573988600678,0.8311092069938721,ols,0.00099466945425276,0.1073934187644065,-0.01134260113993213,-0.008890793006127828,0.00099466945425276,0.1073934187644065,True,False,False,True
Dedicated Short Bias,model2,PTFSFX,0.004,0.48,0.85,0.84,0.002909188553763313,0.37216512622051057,0.7102307192218121,180,0.8386573988600678,0.8311092069938721,ols,-0.001090811446236687,-0.10783487377948942,-0.01134260113993213,-0.008890793006127828,0.001090811446236687,0.10783487377948942,True,False,False,True
Dedicated Short Bias,model2,PTFSCOM,0.0056,0.49,0.85,0.84,-0.00014843923698401075,-0.013563693846224138,0.9891938817417638,180,0.8386573988600678,0.8311092069938721,ols,-0.005748439236984011,-0.5035636938462241,-0.01134260113993213,-0.008890793006127828,0.005748439236984011,0.5035636938462241,False,False,False,True
Dedicated Short Bias,model2,Liquidity,-0.1554,-0.51,0.85,0.84,-0.13937869510120487,-0.48243518179410033,0.6301138082384271,180,0.8386573988600678,0.8311092069938721,ols,0.016021304898795136,0.027564818205899677,-0.01134260113993213,-0.008890793006127828,0.016021304898795136,0.027564818205899677,True,False,False,True
Emerging Markets,model1,Intercept,0.0034,1.44,0.48,0.48,0.004974514800398242,2.044389442662141,0.04239622989233822,180,0.4484120640713982,0.44217943202700727,ols,0.001574514800398242,0.604389442662141,-0.03158793592860176,-0.037820567972992714,0.001574514800398242,0.604389442662141,True,False,True,False
Emerging Markets,model1,MKT-RF,0.6414,11.91,0.48,0.48,0.613146421786529,11.063019730286282,5.8442079216118e-22,180,0.4484120640713982,0.44217943202700727,ols,-0.028253578213470965,-0.8469802697137183,-0.03158793592860176,-0.037820567972992714,0.028253578213470965,0.8469802697137183,True,True,True,True
Emerging Markets,model1,Liquidity,1.5267,3.32,0.48,0.48,1.4212869869241578,3.0671961701502006,0.002500189874675319,180,0.4484120640713982,0.44217943202700727,ols,-0.10541301307584217,-0.2528038298497992,-0.03158793592860176,-0.037820567972992714,0.10541301307584217,0.2528038298497992,True,True,True,True
Emerging Markets,model2,Intercept,0.0039,1.67,0.54,0.52,0.005524838622847226,2.327131776708654,0.021130095911771812,180,0.5098522201156876,0.4869213298287023,ols,0.001624838622847226,0.657131776708654,-0.030147779884312387,-0.03307867017129773,0.001624838622847226,0.657131776708654,True,False,True,False
Emerging Markets,model2,MKT-RF,0.5434,9.45,0.54,0.52,0.5297276035939648,9.073312807979919,2.6946678450209556e-16,180,0.5098522201156876,0.4869213298287023,ols,-0.013672396406035237,-0.3766871920200803,-0.030147779884312387,-0.03307867017129773,0.013672396406035237,0.3766871920200803,True,True,True,True
Emerging Markets,model2,SMB,0.1882,2.96,0.54,0.52,0.1906731180016455,2.936969753336403,0.0037712158154751887,180,0.5098522201156876,0.4869213298287023,ols,0.0024731180016454857,-0.023030246663596987,-0.030147779884312387,-0.03307867017129773,0.0024731180016454857,0.023030246663596987,True,True,True,True
Emerging Markets,model2,DTERM,-0.0034,-0.3,0.54,0.52,0.001008367179104493,0.08814697002986449,0.9298630089500401,180,0.5098522201156876,0.4869213298287023,ols,0.004408367179104493,0.3881469700298645,-0.030147779884312387,-0.03307867017129773,0.004408367179104493,0.3881469700298645,False,False,False,True
Emerging Markets,model2,DCREDIT,-0.0358,-2.01,0.54,0.52,-0.033324584342557334,-1.8275831502654436,0.06935514426902775,180,0.5098522201156876,0.4869213298287023,ols,0.0024754156574426645,0.18241684973455619,-0.030147779884312387,-0.03307867017129773,0.0024754156574426645,0.18241684973455619,True,True,False,False
Emerging Markets,model2,PTFSBD,-0.0334,-2.08,0.54,0.52,-0.03418254769083765,-2.1088097648482425,0.03641754122268883,180,0.5098522201156876,0.4869213298287023,ols,-0.0007825476908376525,-0.02880976484824238,-0.030147779884312387,-0.03307867017129773,0.0007825476908376525,0.02880976484824238,True,True,True,True
Emerging Markets,model2,PTFSFX,-0.0003,-0.02,0.54,0.52,0.0031496746154566282,0.2417219561654102,0.8092852433106023,180,0.5098522201156876,0.4869213298287023,ols,0.003449674615456628,0.2617219561654102,-0.030147779884312387,-0.03307867017129773,0.003449674615456628,0.2617219561654102,False,False,False,True
Emerging Markets,model2,PTFSCOM,0.0016,0.09,0.54,0.52,0.006307851252566079,0.3457779647540875,0.7299346125693477,180,0.5098522201156876,0.4869213298287023,ols,0.004707851252566079,0.25577796475408754,-0.030147779884312387,-0.03307867017129773,0.004707851252566079,0.25577796475408754,True,False,False,True
Emerging Markets,model2,Liquidity,1.1302,2.41,0.54,0.52,0.9501601587298132,1.9729950613005587,0.05010785103458509,180,0.5098522201156876,0.4869213298287023,ols,-0.1800398412701869,-0.43700493869944146,-0.030147779884312387,-0.03307867017129773,0.1800398412701869,0.43700493869944146,True,True,True,True
Equity Market Neutral,model1,Intercept,0.0044,6.26,0.3,0.29,0.00466812354648522,6.570809384531652,5.398082455010407e-10,180,0.16802911183163782,0.1586283108353852,ols,0.0002681235464852194,0.31080938453165263,-0.13197088816836217,-0.13137168916461478,0.0002681235464852194,0.31080938453165263,True,True,True,True
Equity Market Neutral,model1,MKT-RF,0.0983,6.17,0.3,0.29,0.07279695515407421,4.4986927032686745,1.234670507695725e-05,180,0.16802911183163782,0.1586283108353852,ols,-0.02550304484592579,-1.6713072967313254,-0.13197088816836217,-0.13137168916461478,0.02550304484592579,1.6713072967313254,True,True,True,True
Equity Market Neutral,model1,Liquidity,0.7026,5.16,0.3,0.29,0.44380103878282096,3.2802860187510197,0.0012489016018358188,180,0.16802911183163782,0.1586283108353852,ols,-0.25879896121717905,-1.8797139812489805,-0.13197088816836217,-0.13137168916461478,0.25879896121717905,1.8797139812489805,True,True,True,True
Equity Market Neutral,model2,Intercept,0.0049,7.54,0.45,0.42,0.004788023617134189,6.7146285973376605,2.6705122522869647e-10,180,0.21761773766711334,0.18101505872756307,ols,-0.00011197638286581085,-0.8253714026623395,-0.23238226233288667,-0.2389849412724369,0.00011197638286581085,0.8253714026623395,True,True,True,True
Equity Market Neutral,model2,MKT-RF,0.0659,4.11,0.45,0.42,0.05392839703299489,3.0753540668600174,0.0024484022000617824,180,0.21761773766711334,0.18101505872756307,ols,-0.011971602967005113,-1.0346459331399829,-0.23238226233288667,-0.2389849412724369,0.011971602967005113,1.0346459331399829,True,True,True,True
Equity Market Neutral,model2,SMB,-0.0173,-0.98,0.45,0.42,0.02280103814403689,1.1693081024913425,0.24390686099346115,180,0.21761773766711334,0.18101505872756307,ols,0.040101038144036885,2.1493081024913425,-0.23238226233288667,-0.2389849412724369,0.040101038144036885,2.1493081024913425,False,False,False,True
Equity Market Neutral,model2,DTERM,-0.016,-5.11,0.45,0.42,-0.0024993635724179647,-0.7274153395818251,0.46796631203664607,180,0.21761773766711334,0.18101505872756307,ols,0.013500636427582036,4.382584660418175,-0.23238226233288667,-0.2389849412724369,0.013500636427582036,4.382584660418175,True,True,False,False
Equity Market Neutral,model2,DCREDIT,-0.0313,-6.32,0.45,0.42,-0.010238921590655765,-1.8695236085948967,0.06325964179519912,180,0.21761773766711334,0.18101505872756307,ols,0.021061078409344236,4.450476391405104,-0.23238226233288667,-0.2389849412724369,0.021061078409344236,4.450476391405104,True,True,False,False
Equity Market Neutral,model2,PTFSBD,-0.0011,-0.25,0.45,0.42,-0.00868001434059535,-1.7828620911067443,0.07638281200397609,180,0.21761773766711334,0.18101505872756307,ols,-0.00758001434059535,-1.5328620911067443,-0.23238226233288667,-0.2389849412724369,0.00758001434059535,1.5328620911067443,True,False,False,True
Equity Market Neutral,model2,PTFSFX,0.0051,1.43,0.45,0.42,0.0048246435159857255,1.2327640813694414,0.21935591497955448,180,0.21761773766711334,0.18101505872756307,ols,-0.0002753564840142749,-0.19723591863055856,-0.23238226233288667,-0.2389849412724369,0.0002753564840142749,0.19723591863055856,True,False,False,True
Equity Market Neutral,model2,PTFSCOM,0.0016,0.33,0.45,0.42,-0.004364354590499806,-0.7965265036482024,0.42683054463483344,180,0.21761773766711334,0.18101505872756307,ols,-0.005964354590499806,-1.1265265036482024,-0.23238226233288667,-0.2389849412724369,0.005964354590499806,1.1265265036482024,False,False,False,True
Equity Market Neutral,model2,Liquidity,0.4686,3.59,0.45,0.42,0.3303179381896695,2.283629652829372,0.023623501564493478,180,0.21761773766711334,0.18101505872756307,ols,-0.13828206181033054,-1.306370347170628,-0.23238226233288667,-0.2389849412724369,0.13828206181033054,1.306370347170628,True,True,True,True
Event Driven,model1,Intercept,0.0042,5.28,0.6,0.6,0.004839346465104777,5.118949822499534,7.956755248079753e-07,180,0.5340970908040291,0.5288326511520973,ols,0.0006393464651047774,-0.16105017750046624,-0.06590290919597086,-0.07116734884790266,0.0006393464651047774,0.16105017750046624,True,True,True,True
Event Driven,model1,MKT-RF,0.2579,14.4,0.6,0.6,0.2723762899999815,12.649112155466653,1.5375674177959848e-26,180,0.5340970908040291,0.5288326511520973,ols,0.014476289999981462,-1.750887844533347,-0.06590290919597086,-0.07116734884790266,0.014476289999981462,1.750887844533347,True,True,True,True
Event Driven,model1,Liquidity,0.8787,5.74,0.6,0.6,0.8540254975249557,4.743641556204361,4.306473782242137e-06,180,0.5340970908040291,0.5288326511520973,ols,-0.024674502475044324,-0.9963584437956392,-0.06590290919597086,-0.07116734884790266,0.024674502475044324,0.9963584437956392,True,True,True,True
Event Driven,model2,Intercept,0.0048,7.43,0.76,0.74,0.0052948208551539585,6.163077225420972,4.965917695271596e-09,180,0.6408463427972392,0.6240438325187474,ols,0.0004948208551539589,-1.2669227745790277,-0.11915365720276083,-0.11595616748125259,0.0004948208551539589,1.2669227745790277,True,True,True,True
Event Driven,model2,MKT-RF,0.1901,11.97,0.76,0.74,0.21920420118246897,10.375454074188989,7.17862000767195e-20,180,0.6408463427972392,0.6240438325187474,ols,0.02910420118246898,-1.594545925811012,-0.11915365720276083,-0.11595616748125259,0.02910420118246898,1.594545925811012,True,True,True,True
Event Driven,model2,SMB,0.071,4.05,0.76,0.74,0.08524382471229613,3.628422841867053,0.0003762818985727423,180,0.6408463427972392,0.6240438325187474,ols,0.014243824712296141,-0.4215771581329468,-0.11915365720276083,-0.11595616748125259,0.014243824712296141,0.4215771581329468,True,True,True,True
Event Driven,model2,DTERM,-0.0077,-2.49,0.76,0.74,-0.0014387498304591871,-0.34755131157182145,0.7286045887917953,180,0.6408463427972392,0.6240438325187474,ols,0.006261250169540813,2.142448688428179,-0.11915365720276083,-0.11595616748125259,0.006261250169540813,2.142448688428179,True,True,False,False
Event Driven,model2,DCREDIT,-0.0362,-7.37,0.76,0.74,-0.02457885388948336,-3.724937511430344,0.0002650880930218935,180,0.6408463427972392,0.6240438325187474,ols,0.011621146110516643,3.645062488569656,-0.11915365720276083,-0.11595616748125259,0.011621146110516643,3.645062488569656,True,True,True,True
Event Driven,model2,PTFSBD,-0.018,-4.06,0.76,0.74,-0.018971915550663326,-3.2343656634201343,0.0014634177985287469,180,0.6408463427972392,0.6240438325187474,ols,-0.0009719155506633277,0.8256343365798653,-0.11915365720276083,-0.11595616748125259,0.0009719155506633277,0.8256343365798653,True,True,True,True
Event Driven,model2,PTFSFX,0.0039,1.1,0.76,0.74,0.0012947521987043704,0.27458829886117947,0.783964011983889,180,0.6408463427972392,0.6240438325187474,ols,-0.0026052478012956294,-0.8254117011388207,-0.11915365720276083,-0.11595616748125259,0.0026052478012956294,0.8254117011388207,True,False,False,True
Event Driven,model2,PTFSCOM,-0.003,-0.6,0.76,0.74,-0.0016142920050340997,-0.2445360684478899,0.8071088487150996,180,0.6408463427972392,0.6240438325187474,ols,0.0013857079949659004,0.3554639315521101,-0.11915365720276083,-0.11595616748125259,0.0013857079949659004,0.3554639315521101,True,False,False,True
Event Driven,model2,Liquidity,0.5316,4.1,0.76,0.74,0.5277057425778039,3.028070357783495,0.0028425651885717516,180,0.6408463427972392,0.6240438325187474,ols,-0.003894257422196068,-1.0719296422165048,-0.11915365720276083,-0.11595616748125259,0.003894257422196068,1.0719296422165048,True,True,True,True
Fixed Income Arbitrage,model1,Intercept,0.0026,2.63,0.24,0.24,0.004354698343151898,2.9611979315363683,0.003485033885170696,180,0.10098952232611391,0.09083121184392318,ols,0.0017546983431518982,0.33119793153636845,-0.13901047767388608,-0.14916878815607681,0.0017546983431518982,0.33119793153636845,True,True,True,True
Fixed Income Arbitrage,model1,MKT-RF,0.1131,5.06,0.24,0.24,0.11314256466281401,3.377784719437026,0.0008985480932081214,180,0.10098952232611391,0.09083121184392318,ols,4.256466281400695e-05,-1.6822152805629735,-0.13901047767388608,-0.14916878815607681,4.256466281400695e-05,1.6822152805629735,True,True,True,True
Fixed Income Arbitrage,model1,Liquidity,0.9383,4.91,0.24,0.24,0.677005489020271,2.41739946908645,0.016646662574345345,180,0.10098952232611391,0.09083121184392318,ols,-0.261294510979729,-2.49260053091355,-0.13901047767388608,-0.14916878815607681,0.261294510979729,2.49260053091355,True,True,True,True
Fixed Income Arbitrage,model2,Intercept,0.0038,4.92,0.57,0.55,0.004823030534900751,3.3167875267561007,0.0011122423851404831,180,0.17950218116511107,0.14111631829564264,ols,0.0010230305349007512,-1.6032124732438993,-0.3904978188348889,-0.4088836817043574,0.0010230305349007512,1.6032124732438993,True,True,True,True
Fixed Income Arbitrage,model2,MKT-RF,0.0303,1.58,0.57,0.55,0.06593383642715431,1.843817304294378,0.06694033278166696,180,0.17950218116511107,0.14111631829564264,ols,0.03563383642715431,0.2638173042943779,-0.3904978188348889,-0.4088836817043574,0.03563383642715431,0.2638173042943779,True,False,False,True
Fixed Income Arbitrage,model2,SMB,-0.0176,-0.83,0.57,0.55,-0.027538242460930208,-0.6925362093785694,0.4895400495509979,180,0.17950218116511107,0.14111631829564264,ols,-0.009938242460930207,0.13746379062143055,-0.3904978188348889,-0.4088836817043574,0.009938242460930207,0.13746379062143055,True,False,False,True
Fixed Income Arbitrage,model2,DTERM,-0.0269,-7.18,0.57,0.55,-0.02009091436373859,-2.8673760274850415,0.00465981631257419,180,0.17950218116511107,0.14111631829564264,ols,0.006809085636261411,4.312623972514958,-0.3904978188348889,-0.4088836817043574,0.006809085636261411,4.312623972514958,True,True,True,True
Fixed Income Arbitrage,model2,DCREDIT,-0.0631,-10.66,0.57,0.55,-0.036670404610431154,-3.2834043310609773,0.0012437616371090688,180,0.17950218116511107,0.14111631829564264,ols,0.02642959538956885,7.376595668939023,-0.3904978188348889,-0.4088836817043574,0.02642959538956885,7.376595668939023,True,True,True,True
Fixed Income Arbitrage,model2,PTFSBD,-0.0042,-0.78,0.57,0.55,-0.018733266631825753,-1.8868733505083808,0.060872067957638616,180,0.17950218116511107,0.14111631829564264,ols,-0.014533266631825754,-1.1068733505083808,-0.3904978188348889,-0.4088836817043574,0.014533266631825754,1.1068733505083808,True,False,False,True
Fixed Income Arbitrage,model2,PTFSFX,-0.0047,-1.09,0.57,0.55,0.000821688019815579,0.1029564656827823,0.9181181630732363,180,0.17950218116511107,0.14111631829564264,ols,0.005521688019815579,1.1929564656827825,-0.3904978188348889,-0.4088836817043574,0.005521688019815579,1.1929564656827825,False,False,False,True
Fixed Income Arbitrage,model2,PTFSCOM,0.0015,0.25,0.57,0.55,0.003479532860681905,0.311410371899046,0.7558679951404713,180,0.17950218116511107,0.14111631829564264,ols,0.001979532860681905,0.06141037189904602,-0.3904978188348889,-0.4088836817043574,0.001979532860681905,0.06141037189904602,True,False,False,True
Fixed Income Arbitrage,model2,Liquidity,0.3924,2.51,0.57,0.55,0.34103424330567567,1.156174619820018,0.24922248874503525,180,0.17950218116511107,0.14111631829564264,ols,-0.05136575669432436,-1.3538253801799818,-0.3904978188348889,-0.4088836817043574,0.05136575669432436,1.3538253801799818,True,True,False,False
Fund of Funds,model1,Intercept,0.0017,1.54,0.43,0.42,0.0037579463130300236,3.4881072996567757,0.0006137061224619936,180,0.3696030443964381,0.36247991495459,ols,0.0020579463130300235,1.9481072996567756,-0.0603969556035619,-0.05752008504541001,0.0020579463130300235,1.9481072996567756,True,False,True,False
Fund of Funds,model1,MKT-RF,0.2394,9.5,0.43,0.42,0.2243870590934089,9.143946108527095,1.410505647388314e-16,180,0.3696030443964381,0.36247991495459,ols,-0.01501294090659111,-0.35605389147290545,-0.0603969556035619,-0.05752008504541001,0.01501294090659111,0.35605389147290545,True,True,True,True
Fund of Funds,model1,Liquidity,1.0914,5.07,0.43,0.42,0.65380826843849,3.1866659845395535,0.0017015540594740787,180,0.3696030443964381,0.36247991495459,ols,-0.4375917315615099,-1.8833340154604468,-0.0603969556035619,-0.05752008504541001,0.4375917315615099,1.8833340154604468,True,True,True,True
Fund of Funds,model2,Intercept,0.0023,2.29,0.58,0.56,0.004064520226897114,4.178673834027846,4.668840837165176e-05,180,0.5203510449344276,0.49791132773837743,ols,0.0017645202268971143,1.8886738340278457,-0.05964895506557233,-0.062088672261622624,0.0017645202268971143,1.8886738340278457,True,True,True,True
Fund of Funds,model2,MKT-RF,0.1808,7.39,0.58,0.56,0.18541163524279997,7.7513628796881315,7.750704297621718e-13,180,0.5203510449344276,0.49791132773837743,ols,0.004611635242799977,0.36136287968813186,-0.05964895506557233,-0.062088672261622624,0.004611635242799977,0.36136287968813186,True,True,True,True
Fund of Funds,model2,SMB,0.0726,2.69,0.58,0.56,0.1237224310633919,4.651427493936263,6.57298345081097e-06,180,0.5203510449344276,0.49791132773837743,ols,0.0511224310633919,1.9614274939362635,-0.05964895506557233,-0.062088672261622624,0.0511224310633919,1.9614274939362635,True,True,True,True
Fund of Funds,model2,DTERM,-0.0203,-4.25,0.58,0.56,-0.007398653021850613,-1.57858929172604,0.11627836164735185,180,0.5203510449344276,0.49791132773837743,ols,0.012901346978149385,2.67141070827396,-0.05964895506557233,-0.062088672261622624,0.012901346978149385,2.67141070827396,True,True,False,False
Fund of Funds,model2,DCREDIT,-0.0462,-6.11,0.58,0.56,-0.027280969042716187,-3.651741289992651,0.00034596454514210885,180,0.5203510449344276,0.49791132773837743,ols,0.01891903095728381,2.458258710007349,-0.05964895506557233,-0.062088672261622624,0.01891903095728381,2.458258710007349,True,True,True,True
Fund of Funds,model2,PTFSBD,-0.0058,-0.85,0.58,0.56,-0.007486684255212057,-1.127328011012071,0.2611831937064826,180,0.5203510449344276,0.49791132773837743,ols,-0.0016866842552120571,-0.27732801101207094,-0.05964895506557233,-0.062088672261622624,0.0016866842552120571,0.27732801101207094,True,False,False,True
Fund of Funds,model2,PTFSFX,0.013,2.36,0.58,0.56,0.011755769141036536,2.202060586867777,0.02899917345007588,180,0.5203510449344276,0.49791132773837743,ols,-0.0012442308589634635,-0.15793941313222293,-0.05964895506557233,-0.062088672261622624,0.0012442308589634635,0.15793941313222293,True,True,True,True
Fund of Funds,model2,PTFSCOM,0.0134,1.77,0.58,0.56,0.015297594387352393,2.046759509347666,0.042212252087715424,180,0.5203510449344276,0.49791132773837743,ols,0.0018975943873523922,0.276759509347666,-0.05964895506557233,-0.062088672261622624,0.0018975943873523922,0.276759509347666,True,False,True,False
Fund of Funds,model2,Liquidity,0.7393,3.71,0.58,0.56,0.3858303168222553,1.955479812452926,0.05215618145512803,180,0.5203510449344276,0.49791132773837743,ols,-0.35346968317774463,-1.754520187547074,-0.05964895506557233,-0.062088672261622624,0.35346968317774463,1.754520187547074,True,True,False,False
Global Macro,model1,Intercept,0.0032,2.58,0.18,0.17,0.0038057136285332563,2.946834994926603,0.0036429775171152147,180,0.11133240874601413,0.10129096703692964,ols,0.0006057136285332562,0.36683499492660276,-0.06866759125398586,-0.06870903296307038,0.0006057136285332562,0.36683499492660276,True,True,True,True
Global Macro,model1,MKT-RF,0.157,5.69,0.18,0.17,0.1335376392815772,4.539625157414624,1.0382726052883176e-05,180,0.11133240874601413,0.10129096703692964,ols,-0.02346236071842281,-1.1503748425853768,-0.06866759125398586,-0.06870903296307038,0.02346236071842281,1.1503748425853768,True,True,True,True
Global Macro,model1,Liquidity,0.4228,1.79,0.18,0.17,0.1509197329411109,0.6136385181170572,0.5402420292532949,180,0.11133240874601413,0.10129096703692964,ols,-0.2718802670588891,-1.1763614818829429,-0.06866759125398586,-0.06870903296307038,0.2718802670588891,1.1763614818829429,True,False,False,True
Global Macro,model2,Intercept,0.003,2.7,0.37,0.34,0.003466968589219319,2.9346160875116136,0.0037985336008739077,180,0.3058309768616325,0.2733552330890773,ols,0.00046696858921931907,0.23461608751161345,-0.06416902313836748,-0.06664476691092275,0.00046696858921931907,0.23461608751161345,True,True,True,True
Global Macro,model2,MKT-RF,0.1554,5.68,0.37,0.34,0.13825954084542383,4.758919926750068,4.123262573895704e-06,180,0.3058309768616325,0.2733552330890773,ols,-0.017140459154576182,-0.9210800732499314,-0.06416902313836748,-0.06664476691092275,0.017140459154576182,0.9210800732499314,True,True,True,True
Global Macro,model2,SMB,0.0185,0.61,0.37,0.34,0.03443154176182683,1.0657773416282397,0.2880268022343044,180,0.3058309768616325,0.2733552330890773,ols,0.015931541761826828,0.4557773416282397,-0.06416902313836748,-0.06664476691092275,0.015931541761826828,0.4557773416282397,True,False,False,True
Global Macro,model2,DTERM,-0.0137,-2.56,0.37,0.34,-0.013375839944561409,-2.349685613748377,0.01993080446593711,180,0.3058309768616325,0.2733552330890773,ols,0.00032416005543859164,0.21031438625162302,-0.06416902313836748,-0.06664476691092275,0.00032416005543859164,0.21031438625162302,True,True,True,True
Global Macro,model2,DCREDIT,-0.0217,-2.56,0.37,0.34,-0.014912597298397912,-1.643484839054545,0.10212005205678695,180,0.3058309768616325,0.2733552330890773,ols,0.006787402701602089,0.9165151609454552,-0.06416902313836748,-0.06664476691092275,0.006787402701602089,0.9165151609454552,True,True,False,False
Global Macro,model2,PTFSBD,-0.0065,-0.86,0.37,0.34,-0.011678870868228067,-1.4478842360446686,0.1494803938830237,180,0.3058309768616325,0.2733552330890773,ols,-0.005178870868228067,-0.5878842360446687,-0.06416902313836748,-0.06664476691092275,0.005178870868228067,0.5878842360446687,True,False,False,True
Global Macro,model2,PTFSFX,0.0337,5.49,0.37,0.34,0.0326973661580383,5.0427006545370805,1.1624173578230264e-06,180,0.3058309768616325,0.2733552330890773,ols,-0.0010026338419616976,-0.4472993454629197,-0.06416902313836748,-0.06664476691092275,0.0010026338419616976,0.4472993454629197,True,True,True,True
Global Macro,model2,PTFSCOM,0.0139,1.65,0.37,0.34,0.01748241101645173,1.9258267031265102,0.055784936647073305,180,0.3058309768616325,0.2733552330890773,ols,0.0035824110164517295,0.27582670312651025,-0.06416902313836748,-0.06664476691092275,0.0035824110164517295,0.27582670312651025,True,False,False,True
Global Macro,model2,Liquidity,0.3772,1.69,0.37,0.34,0.17075691807602736,0.7125371257824038,0.47710334788957076,180,0.3058309768616325,0.2733552330890773,ols,-0.20644308192397262,-0.9774628742175961,-0.06416902313836748,-0.06664476691092275,0.20644308192397262,0.9774628742175961,True,False,False,True
Long/Short Equity,model1,Intercept,0.0065,5.27,0.67,0.66,0.006163475021683159,5.402004249248853,2.1026551544984313e-07,180,0.681922023717491,0.67832792229057,ols,-0.0003365249783168411,0.1320042492488538,0.01192202371749096,0.01832792229057001,0.0003365249783168411,0.1320042492488538,True,True,True,True
Long/Short Equity,model1,MKT-RF,0.4901,17.73,0.67,0.66,0.49119112447186486,18.900634269091775,2.5405707447149285e-44,180,0.681922023717491,0.67832792229057,ols,0.0010911244718648794,1.1706342690917744,0.01192202371749096,0.01832792229057001,0.0010911244718648794,1.1706342690917744,True,True,True,True
Long/Short Equity,model1,Liquidity,0.9068,3.84,0.67,0.66,0.44847171915071915,2.064007228357851,0.04047609662006439,180,0.681922023717491,0.67832792229057,ols,-0.4583282808492809,-1.7759927716421489,0.01192202371749096,0.01832792229057001,0.4583282808492809,1.7759927716421489,True,True,True,True
Long/Short Equity,model2,Intercept,0.0062,5.73,0.76,0.75,0.005984071633856557,6.65997870548721,3.589880331917588e-10,180,0.8158679944442078,0.8072536316111882,ols,-0.0002159283661434426,0.9299787054872093,0.05586799444420776,0.05725363161118824,0.0002159283661434426,0.9299787054872093,True,True,True,True
Long/Short Equity,model2,MKT-RF,0.4472,16.75,0.76,0.75,0.4574972156940909,20.705056135300033,1.8388583672945976e-48,180,0.8158679944442078,0.8072536316111882,ols,0.010297215694090922,3.9550561353000333,0.05586799444420776,0.05725363161118824,0.010297215694090922,3.9550561353000333,True,True,True,True
Long/Short Equity,model2,SMB,0.2175,7.38,0.76,0.75,0.2625834220403858,10.68690593420649,9.648119877173139e-21,180,0.8158679944442078,0.8072536316111882,ols,0.04508342204038582,3.3069059342064895,0.05586799444420776,0.05725363161118824,0.04508342204038582,3.3069059342064895,True,True,True,True
Long/Short Equity,model2,DTERM,-0.0065,-1.24,0.76,0.75,0.0006503284139324399,0.15020904805053828,0.8807767170938164,180,0.8158679944442078,0.8072536316111882,ols,0.00715032841393244,1.3902090480505382,0.05586799444420776,0.05725363161118824,0.00715032841393244,1.3902090480505382,False,False,False,True
Long/Short Equity,model2,DCREDIT,-0.0081,-0.98,0.76,0.75,-0.0007965056830983256,-0.11541864209311738,0.9082487262103548,180,0.8158679944442078,0.8072536316111882,ols,0.007303494316901674,0.8645813579068826,0.05586799444420776,0.05725363161118824,0.007303494316901674,0.8645813579068826,True,False,False,True
Long/Short Equity,model2,PTFSBD,-0.0065,-0.87,0.76,0.75,-0.002181333703080989,-0.3555738077869904,0.7225980007314287,180,0.8158679944442078,0.8072536316111882,ols,0.004318666296919011,0.5144261922130096,0.05586799444420776,0.05725363161118824,0.004318666296919011,0.5144261922130096,True,False,False,True
Long/Short Equity,model2,PTFSFX,0.0047,0.78,0.76,0.75,0.005050941105753281,1.024229763439694,0.30717350133748883,180,0.8158679944442078,0.8072536316111882,ols,0.0003509411057532807,0.24422976343969394,0.05586799444420776,0.05725363161118824,0.0003509411057532807,0.24422976343969394,True,False,False,True
Long/Short Equity,model2,PTFSCOM,0.01,1.21,0.76,0.75,0.006888067237331221,0.9976723254580648,0.31984795022935353,180,0.8158679944442078,0.8072536316111882,ols,-0.0031119327626687792,-0.21232767454193513,0.05586799444420776,0.05725363161118824,0.0031119327626687792,0.21232767454193513,True,False,False,True
Long/Short Equity,model2,Liquidity,0.8109,3.73,0.76,0.75,0.3575955148034232,1.9619860834146539,0.05138720122917747,180,0.8158679944442078,0.8072536316111882,ols,-0.45330448519657673,-1.7680139165853461,0.05586799444420776,0.05725363161118824,0.45330448519657673,1.7680139165853461,True,True,True,True
Managed Futures,model1,Intercept,0.0053,2.38,0.01,0.0,0.005597911189656138,1.5939309058868056,0.11423875646159128,99,0.0026251987590880654,-0.018153442933430908,ols,0.0002979111896561377,-0.7860690941131943,-0.007374801240911935,-0.018153442933430908,0.0002979111896561377,0.7860690941131943,True,True,False,False
Managed Futures,model1,MKT-RF,-0.062,-1.24,0.01,0.0,-0.033117146841797944,-0.4178338803684866,0.6770016736075569,99,0.0026251987590880654,-0.018153442933430908,ols,0.028882853158202056,0.8221661196315133,-0.007374801240911935,-0.018153442933430908,0.028882853158202056,0.8221661196315133,True,False,False,True
Managed Futures,model1,Liquidity,0.3399,0.79,0.01,0.0,0.19609112944578908,0.3534839112457743,0.7245007700093596,99,0.0026251987590880654,-0.018153442933430908,ols,-0.1438088705542109,-0.43651608875422576,-0.007374801240911935,-0.018153442933430908,0.1438088705542109,0.43651608875422576,True,False,False,True
Managed Futures,model2,Intercept,0.0051,2.55,0.27,0.24,0.004377752578441675,1.2539977954885355,0.2130901737851206,99,0.1870427140209988,0.1147798441561988,ols,-0.0007222474215583252,-1.2960022045114643,-0.0829572859790012,-0.1252201558438012,0.0007222474215583252,1.2960022045114643,True,True,False,False
Managed Futures,model2,MKT-RF,-0.0165,-0.34,0.27,0.24,0.022944070725581904,0.25435099426254254,0.7998046453404644,99,0.1870427140209988,0.1147798441561988,ols,0.039444070725581905,0.5943509942625426,-0.0829572859790012,-0.1252201558438012,0.039444070725581905,0.5943509942625426,False,False,False,True
Managed Futures,model2,SMB,-0.0024,-0.04,0.27,0.24,0.006245880844426396,0.04642548043951379,0.9630739883380564,99,0.1870427140209988,0.1147798441561988,ols,0.008645880844426395,0.08642548043951379,-0.0829572859790012,-0.1252201558438012,0.008645880844426395,0.08642548043951379,False,False,False,True
Managed Futures,model2,DTERM,-0.025,-2.63,0.27,0.24,-0.005938781762531554,-0.38377740307490615,0.7020485824930448,99,0.1870427140209988,0.1147798441561988,ols,0.019061218237468446,2.2462225969250937,-0.0829572859790012,-0.1252201558438012,0.019061218237468446,2.2462225969250937,True,True,False,False
Managed Futures,model2,DCREDIT,-0.0235,-1.56,0.27,0.24,-0.011180251219918051,-0.4953226208881485,0.6215796317682919,99,0.1870427140209988,0.1147798441561988,ols,0.012319748780081949,1.0646773791118516,-0.0829572859790012,-0.1252201558438012,0.012319748780081949,1.0646773791118516,True,False,False,True
Managed Futures,model2,PTFSBD,0.0331,2.43,0.27,0.24,0.0045166303870239595,0.18005042522231218,0.8575177641727039,99,0.1870427140209988,0.1147798441561988,ols,-0.02858336961297604,-2.249949574777688,-0.0829572859790012,-0.1252201558438012,0.02858336961297604,2.249949574777688,True,True,False,False
Managed Futures,model2,PTFSFX,0.0397,3.64,0.27,0.24,0.08301692003760432,4.310775346587184,4.150779618499961e-05,99,0.1870427140209988,0.1147798441561988,ols,0.04331692003760432,0.6707753465871842,-0.0829572859790012,-0.1252201558438012,0.04331692003760432,0.6707753465871842,True,True,True,True
Managed Futures,model2,PTFSCOM,0.053,3.53,0.27,0.24,-0.03010413397257429,-1.1753493421315484,0.24295502800395258,99,0.1870427140209988,0.1147798441561988,ols,-0.0831041339725743,-4.705349342131548,-0.0829572859790012,-0.1252201558438012,0.0831041339725743,4.705349342131548,False,True,False,False
Managed Futures,model2,Liquidity,0.3949,0.99,0.27,0.24,0.29731355715609065,0.5207079644979993,0.6038489564672063,99,0.1870427140209988,0.1147798441561988,ols,-0.09758644284390933,-0.4692920355020007,-0.0829572859790012,-0.1252201558438012,0.09758644284390933,0.4692920355020007,True,False,False,True
Multi-Strategy,model1,Intercept,0.0048,3.05,0.35,0.35,0.004829639854391729,6.625685354243343,4.0112621352818676e-10,180,0.5212372606122317,0.5158275121445735,ols,2.9639854391729815e-05,3.575685354243343,0.17123726061223177,0.16582751214457347,2.9639854391729815e-05,3.575685354243343,True,True,True,True
Multi-Strategy,model1,MKT-RF,0.2702,7.65,0.35,0.35,0.20884288208051788,12.578600549861559,2.4631974714669727e-26,180,0.5212372606122317,0.5158275121445735,ols,-0.06135711791948212,4.928600549861558,0.17123726061223177,0.16582751214457347,0.06135711791948212,4.928600549861558,True,True,True,True
Multi-Strategy,model1,Liquidity,1.5325,5.08,0.35,0.35,0.5665858884940496,4.081583505778847,6.760519497822865e-05,180,0.5212372606122317,0.5158275121445735,ols,-0.9659141115059504,-0.9984164942211526,0.17123726061223177,0.16582751214457347,0.9659141115059504,0.9984164942211526,True,True,True,True
Multi-Strategy,model2,Intercept,0.0046,3.19,0.49,0.46,0.005076586517287911,7.174400068412072,2.1076734101109777e-11,180,0.5788720138231422,0.5591701197329968,ols,0.0004765865172879115,3.984400068412072,0.08887201382314225,0.09917011973299678,0.0004765865172879115,3.984400068412072,True,True,True,True
Multi-Strategy,model2,MKT-RF,0.2419,6.8,0.49,0.46,0.18331421507484416,10.53469199123884,2.5765867455891112e-20,180,0.5788720138231422,0.5591701197329968,ols,-0.05858578492515584,3.734691991238841,0.08887201382314225,0.09917011973299678,0.05858578492515584,3.734691991238841,True,True,True,True
Multi-Strategy,model2,SMB,0.0787,2.0,0.49,0.46,0.05385782997123037,2.7833721389019646,0.0059851956216625665,180,0.5788720138231422,0.5591701197329968,ols,-0.024842170028769636,0.7833721389019646,0.08887201382314225,0.09917011973299678,0.024842170028769636,0.7833721389019646,True,True,True,True
Multi-Strategy,model2,DTERM,-0.0401,-5.76,0.49,0.46,-0.0055036836481720105,-1.6141896891583727,0.10833004398819944,180,0.5788720138231422,0.5591701197329968,ols,0.034596316351827985,4.145810310841627,0.08887201382314225,0.09917011973299678,0.034596316351827985,4.145810310841627,True,True,False,False
Multi-Strategy,model2,DCREDIT,-0.0261,-2.37,0.49,0.46,-0.016874456451610925,-3.1049500361713696,0.002228037861321903,180,0.5788720138231422,0.5591701197329968,ols,0.009225543548389076,-0.7349500361713694,0.08887201382314225,0.09917011973299678,0.009225543548389076,0.7349500361713694,True,True,True,True
Multi-Strategy,model2,PTFSBD,0.0094,0.95,0.49,0.46,-0.004131655410472074,-0.8552035363701298,0.3936351176053676,180,0.5788720138231422,0.5591701197329968,ols,-0.013531655410472073,-1.8052035363701298,0.08887201382314225,0.09917011973299678,0.013531655410472073,1.8052035363701298,False,False,False,True
Multi-Strategy,model2,PTFSFX,0.0043,0.54,0.49,0.46,0.002181246981391701,0.5616524691759834,0.5750881988676428,180,0.5788720138231422,0.5591701197329968,ols,-0.002118753018608299,0.021652469175983402,0.08887201382314225,0.09917011973299678,0.002118753018608299,0.021652469175983402,True,False,False,True
Multi-Strategy,model2,PTFSCOM,0.0139,1.27,0.49,0.46,0.006824231223903229,1.255110674008886,0.21115113032678137,180,0.5788720138231422,0.5591701197329968,ols,-0.00707576877609677,-0.014889325991114033,0.08887201382314225,0.09917011973299678,0.00707576877609677,0.014889325991114033,True,False,False,True
Multi-Strategy,model2,Liquidity,1.4195,4.89,0.49,0.46,0.389407399085443,2.7129750558679735,0.00735044738556993,180,0.5788720138231422,0.5591701197329968,ols,-1.030092600914557,-2.177024944132026,0.08887201382314225,0.09917011973299678,1.030092600914557,2.177024944132026,True,True,True,True
