style,spec,term,coef_target,tstat_target,r2_target,adj_r2_target
Convertible Arbitrage,model1,Intercept,0.0016,1.46,0.41,0.41
Convertible Arbitrage,model1,MKT-RF,0.2094,8.50,0.41,0.41
Convertible Arbitrage,model1,Liquidity,1.2795,6.08,0.41,0.41
Convertible Arbitrage,model2,Intercept,0.0026,2.80,0.61,0.59
Convertible Arbitrage,model2,MKT-RF,0.1232,5.40,0.61,0.59
Convertible Arbitrage,model2,SMB,0.0232,0.92,0.61,0.59
Convertible Arbitrage,model2,DTERM,-0.0274,-6.15,0.61,0.59
Convertible Arbitrage,model2,DCREDIT,-0.0564,-8.00,0.61,0.59
Convertible Arbitrage,model2,PTFSBD,-0.0069,-1.09,0.61,0.59
Convertible Arbitrage,model2,PTFSFX,-0.0058,-1.13,0.61,0.59
Convertible Arbitrage,model2,PTFSCOM,-0.0053,-0.76,0.61,0.59
Convertible Arbitrage,model2,Liquidity,0.7759,4.17,0.61,0.59
Dedicated Short Bias,model1,Intercept,0.0034,1.79,0.74,0.73
Dedicated Short Bias,model1,MKT-RF,-0.9563,-22.23,0.74,0.73
Dedicated Short Bias,model1,Liquidity,0.3272,0.89,0.74,0.73
Dedicated Short Bias,model2,Intercept,0.0053,3.54,0.85,0.84
Dedicated Short Bias,model2,MKT-RF,-0.9686,-26.06,0.85,0.84
Dedicated Short Bias,model2,SMB,-0.4162,-10.14,0.85,0.84
Dedicated Short Bias,model2,DTERM,-0.0178,-2.45,0.85,0.84
Dedicated Short Bias,model2,DCREDIT,-0.0698,-6.07,0.85,0.84
Dedicated Short Bias,model2,PTFSBD,0.0018,0.18,0.85,0.84
Dedicated Short Bias,model2,PTFSFX,0.0040,0.48,0.85,0.84
Dedicated Short Bias,model2,PTFSCOM,0.0056,0.49,0.85,0.84
Dedicated Short Bias,model2,Liquidity,-0.1554,-0.51,0.85,0.84
Emerging Markets,model1,Intercept,0.0034,1.44,0.48,0.48
Emerging Markets,model1,MKT-RF,0.6414,11.91,0.48,0.48
Emerging Markets,model1,Liquidity,1.5267,3.32,0.48,0.48
Emerging Markets,model2,Intercept,0.0039,1.67,0.54,0.52
Emerging Markets,model2,MKT-RF,0.5434,9.45,0.54,0.52
Emerging Markets,model2,SMB,0.1882,2.96,0.54,0.52
Emerging Markets,model2,DTERM,-0.0034,-0.30,0.54,0.52
Emerging Markets,model2,DCREDIT,-0.0358,-2.01,0.54,0.52
Emerging Markets,model2,PTFSBD,-0.0334,-2.08,0.54,0.52
Emerging Markets,model2,PTFSFX,-0.0003,-0.02,0.54,0.52
Emerging Markets,model2,PTFSCOM,0.0016,0.09,0.54,0.52
Emerging Markets,model2,Liquidity,1.1302,2.41,0.54,0.52
Equity Market Neutral,model1,Intercept,0.0044,6.26,0.30,0.29
Equity Market Neutral,model1,MKT-RF,0.0983,6.17,0.30,0.29
Equity Market Neutral,model1,Liquidity,0.7026,5.16,0.30,0.29
Equity Market Neutral,model2,Intercept,0.0049,7.54,0.45,0.42
Equity Market Neutral,model2,MKT-RF,0.0659,4.11,0.45,0.42
Equity Market Neutral,model2,SMB,-0.0173,-0.98,0.45,0.42
Equity Market Neutral,model2,DTERM,-0.0160,-5.11,0.45,0.42
Equity Market Neutral,model2,DCREDIT,-0.0313,-6.32,0.45,0.42
Equity Market Neutral,model2,PTFSBD,-0.0011,-0.25,0.45,0.42
Equity Market Neutral,model2,PTFSFX,0.0051,1.43,0.45,0.42
Equity Market Neutral,model2,PTFSCOM,0.0016,0.33,0.45,0.42
Equity Market Neutral,model2,Liquidity,0.4686,3.59,0.45,0.42
Event Driven,model1,Intercept,0.0042,5.28,0.60,0.60
Event Driven,model1,MKT-RF,0.2579,14.40,0.60,0.60
Event Driven,model1,Liquidity,0.8787,5.74,0.60,0.60
Event Driven,model2,Intercept,0.0048,7.43,0.76,0.74
Event Driven,model2,MKT-RF,0.1901,11.97,0.76,0.74
Event Driven,model2,SMB,0.0710,4.05,0.76,0.74
Event Driven,model2,DTERM,-0.0077,-2.49,0.76,0.74
Event Driven,model2,DCREDIT,-0.0362,-7.37,0.76,0.74
Event Driven,model2,PTFSBD,-0.0180,-4.06,0.76,0.74
Event Driven,model2,PTFSFX,0.0039,1.10,0.76,0.74
Event Driven,model2,PTFSCOM,-0.0030,-0.60,0.76,0.74
Event Driven,model2,Liquidity,0.5316,4.10,0.76,0.74
Fixed Income Arbitrage,model1,Intercept,0.0026,2.63,0.24,0.24
Fixed Income Arbitrage,model1,MKT-RF,0.1131,5.06,0.24,0.24
Fixed Income Arbitrage,model1,Liquidity,0.9383,4.91,0.24,0.24
Fixed Income Arbitrage,model2,Intercept,0.0038,4.92,0.57,0.55
Fixed Income Arbitrage,model2,MKT-RF,0.0303,1.58,0.57,0.55
Fixed Income Arbitrage,model2,SMB,-0.0176,-0.83,0.57,0.55
Fixed Income Arbitrage,model2,DTERM,-0.0269,-7.18,0.57,0.55
Fixed Income Arbitrage,model2,DCREDIT,-0.0631,-10.66,0.57,0.55
Fixed Income Arbitrage,model2,PTFSBD,-0.0042,-0.78,0.57,0.55
Fixed Income Arbitrage,model2,PTFSFX,-0.0047,-1.09,0.57,0.55
Fixed Income Arbitrage,model2,PTFSCOM,0.0015,0.25,0.57,0.55
Fixed Income Arbitrage,model2,Liquidity,0.3924,2.51,0.57,0.55
Fund of Funds,model1,Intercept,0.0017,1.54,0.43,0.42
Fund of Funds,model1,MKT-RF,0.2394,9.50,0.43,0.42
Fund of Funds,model1,Liquidity,1.0914,5.07,0.43,0.42
Fund of Funds,model2,Intercept,0.0023,2.29,0.58,0.56
Fund of Funds,model2,MKT-RF,0.1808,7.39,0.58,0.56
Fund of Funds,model2,SMB,0.0726,2.69,0.58,0.56
Fund of Funds,model2,DTERM,-0.0203,-4.25,0.58,0.56
Fund of Funds,model2,DCREDIT,-0.0462,-6.11,0.58,0.56
Fund of Funds,model2,PTFSBD,-0.0058,-0.85,0.58,0.56
Fund of Funds,model2,PTFSFX,0.0130,2.36,0.58,0.56
Fund of Funds,model2,PTFSCOM,0.0134,1.77,0.58,0.56
Fund of Funds,model2,Liquidity,0.7393,3.71,0.58,0.56
Global Macro,model1,Intercept,0.0032,2.58,0.18,0.17
Global Macro,model1,MKT-RF,0.1570,5.69,0.18,0.17
Global Macro,model1,Liquidity,0.4228,1.79,0.18,0.17
Global Macro,model2,Intercept,0.0030,2.70,0.37,0.34
Global Macro,model2,MKT-RF,0.1554,5.68,0.37,0.34
Global Macro,model2,SMB,0.0185,0.61,0.37,0.34
Global Macro,model2,DTERM,-0.0137,-2.56,0.37,0.34
Global Macro,model2,DCREDIT,-0.0217,-2.56,0.37,0.34
Global Macro,model2,PTFSBD,-0.0065,-0.86,0.37,0.34
Global Macro,model2,PTFSFX,0.0337,5.49,0.37,0.34
Global Macro,model2,PTFSCOM,0.0139,1.65,0.37,0.34
Global Macro,model2,Liquidity,0.3772,1.69,0.37,0.34
Long/Short Equity,model1,Intercept,0.0065,5.27,0.67,0.66
Long/Short Equity,model1,MKT-RF,0.4901,17.73,0.67,0.66
Long/Short Equity,model1,Liquidity,0.9068,3.84,0.67,0.66
Long/Short Equity,model2,Intercept,0.0062,5.73,0.76,0.75
Long/Short Equity,model2,MKT-RF,0.4472,16.75,0.76,0.75
Long/Short Equity,model2,SMB,0.2175,7.38,0.76,0.75
Long/Short Equity,model2,DTERM,-0.0065,-1.24,0.76,0.75
Long/Short Equity,model2,DCREDIT,-0.0081,-0.98,0.76,0.75
Long/Short Equity,model2,PTFSBD,-0.0065,-0.87,0.76,0.75
Long/Short Equity,model2,PTFSFX,0.0047,0.78,0.76,0.75
Long/Short Equity,model2,PTFSCOM,0.0100,1.21,0.76,0.75
Long/Short Equity,model2,Liquidity,0.8109,3.73,0.76,0.75
Managed Futures,model1,Intercept,0.0053,2.38,0.01,0.00
Managed Futures,model1,MKT-RF,-0.0620,-1.24,0.01,0.00
Managed Futures,model1,Liquidity,0.3399,0.79,0.01,0.00
Managed Futures,model2,Intercept,0.0051,2.55,0.27,0.24
Managed Futures,model2,MKT-RF,-0.0165,-0.34,0.27,0.24
Managed Futures,model2,SMB,-0.0024,-0.04,0.27,0.24
Managed Futures,model2,DTERM,-0.0250,-2.63,0.27,0.24
Managed Futures,model2,DCREDIT,-0.0235,-1.56,0.27,0.24
Managed Futures,model2,PTFSBD,0.0331,2.43,0.27,0.24
Managed Futures,model2,PTFSFX,0.0397,3.64,0.27,0.24
Managed Futures,model2,PTFSCOM,0.0530,3.53,0.27,0.24
Managed Futures,model2,Liquidity,0.3949,0.99,0.27,0.24
Multi-Strategy,model1,Intercept,0.0048,3.05,0.35,0.35
Multi-Strategy,model1,MKT-RF,0.2702,7.65,0.35,0.35
Multi-Strategy,model1,Liquidity,1.5325,5.08,0.35,0.35
Multi-Strategy,model2,Intercept,0.0046,3.19,0.49,0.46
Multi-Strategy,model2,MKT-RF,0.2419,6.80,0.49,0.46
Multi-Strategy,model2,SMB,0.0787,2.00,0.49,0.46
Multi-Strategy,model2,DTERM,-0.0401,-5.76,0.49,0.46
Multi-Strategy,model2,DCREDIT,-0.0261,-2.37,0.49,0.46
Multi-Strategy,model2,PTFSBD,0.0094,0.95,0.49,0.46
Multi-Strategy,model2,PTFSFX,0.0043,0.54,0.49,0.46
Multi-Strategy,model2,PTFSCOM,0.0139,1.27,0.49,0.46
Multi-Strategy,model2,Liquidity,1.4195,4.89,0.49,0.46
